Workbook

Sheet Raw Import
A1: Region | B1: Product | C1: Units | D1: Price
A2: north | B2: laptop | C2: 5 | D2: 60000
A3: South | B3: PHONE | C3: 20 | D3: 30000
A4: east | B4: Laptop | C4: 8 | D4: 60000
A5: North | B5: tablet | C5: 15 | D5: 20000
A6: south | B6: laptop | C6: 3 | D6: 60000
A7: East | B7: phone | C7: 2 | D7: 30000
A8: west | B8: LAPTOP | C8: 6 | D8: 60000
A9: West | B9: tablet | C9: 3 | D9: 20000

Sheet Clean Data
A1: Region | B1: Product | C1: Units | D1: Price | E1: Revenue | F1: Classification
A2: =PROPER(TRIM('Raw Import'!A2)) | B2: =PROPER(TRIM('Raw Import'!B2)) | C2: ='Raw Import'!C2 | D2: ='Raw Import'!D2 | E2: =C2*D2 | F2: =IF(E2>=100000,"High","Standard")
A3: =PROPER(TRIM('Raw Import'!A3)) | B3: =PROPER(TRIM('Raw Import'!B3)) | C3: ='Raw Import'!C3 | D3: ='Raw Import'!D3 | E3: =C3*D3 | F3: =IF(E3>=100000,"High","Standard")
A4: =PROPER(TRIM('Raw Import'!A4)) | B4: =PROPER(TRIM('Raw Import'!B4)) | C4: ='Raw Import'!C4 | D4: ='Raw Import'!D4 | E4: =C4*D4 | F4: =IF(E4>=100000,"High","Standard")
A5: =PROPER(TRIM('Raw Import'!A5)) | B5: =PROPER(TRIM('Raw Import'!B5)) | C5: ='Raw Import'!C5 | D5: ='Raw Import'!D5 | E5: =C5*D5 | F5: =IF(E5>=100000,"High","Standard")
A6: =PROPER(TRIM('Raw Import'!A6)) | B6: =PROPER(TRIM('Raw Import'!B6)) | C6: ='Raw Import'!C6 | D6: ='Raw Import'!D6 | E6: =C6*D6 | F6: =IF(E6>=100000,"High","Standard")
A7: =PROPER(TRIM('Raw Import'!A7)) | B7: =PROPER(TRIM('Raw Import'!B7)) | C7: ='Raw Import'!C7 | D7: ='Raw Import'!D7 | E7: =C7*D7 | F7: =IF(E7>=100000,"High","Standard")
A8: =PROPER(TRIM('Raw Import'!A8)) | B8: =PROPER(TRIM('Raw Import'!B8)) | C8: ='Raw Import'!C8 | D8: ='Raw Import'!D8 | E8: =C8*D8 | F8: =IF(E8>=100000,"High","Standard")
A9: =PROPER(TRIM('Raw Import'!A9)) | B9: =PROPER(TRIM('Raw Import'!B9)) | C9: ='Raw Import'!C9 | D9: ='Raw Import'!D9 | E9: =C9*D9 | F9: =IF(E9>=100000,"High","Standard")

Sheet Report
A1: Sales Analysis — One-Page Business Report
A3: Key Performance Indicators
A4: Total Revenue | B4: =SUM('Clean Data'!$E$2:$E$9)
A5: Average Order Value | B5: =AVERAGE('Clean Data'!$E$2:$E$9)
A6: Largest Order (MAX) | B6: =MAX('Clean Data'!$E$2:$E$9)
A7: Number of Orders | B7: =COUNTA('Clean Data'!$A$2:$A$9)
A9: Revenue by Region and Product
A10: Region | B10: Laptop | C10: Phone | D10: Tablet | E10: Total
A11: North | B11: =SUMIFS('Clean Data'!$E$2:$E$9,'Clean Data'!$A$2:$A$9,$A11,'Clean Data'!$B$2:$B$9,B10) | C11: =SUMIFS('Clean Data'!$E$2:$E$9,'Clean Data'!$A$2:$A$9,$A11,'Clean Data'!$B$2:$B$9,C10) | D11: =SUMIFS('Clean Data'!$E$2:$E$9,'Clean Data'!$A$2:$A$9,$A11,'Clean Data'!$B$2:$B$9,D10) | E11: =SUM(B11:D11)
A12: South | B12: =SUMIFS('Clean Data'!$E$2:$E$9,'Clean Data'!$A$2:$A$9,$A12,'Clean Data'!$B$2:$B$9,B10) | C12: =SUMIFS('Clean Data'!$E$2:$E$9,'Clean Data'!$A$2:$A$9,$A12,'Clean Data'!$B$2:$B$9,C10) | D12: =SUMIFS('Clean Data'!$E$2:$E$9,'Clean Data'!$A$2:$A$9,$A12,'Clean Data'!$B$2:$B$9,D10) | E12: =SUM(B12:D12)
A13: East | B13: =SUMIFS('Clean Data'!$E$2:$E$9,'Clean Data'!$A$2:$A$9,$A13,'Clean Data'!$B$2:$B$9,B10) | C13: =SUMIFS('Clean Data'!$E$2:$E$9,'Clean Data'!$A$2:$A$9,$A13,'Clean Data'!$B$2:$B$9,C10) | D13: =SUMIFS('Clean Data'!$E$2:$E$9,'Clean Data'!$A$2:$A$9,$A13,'Clean Data'!$B$2:$B$9,D10) | E13: =SUM(B13:D13)
A14: West | B14: =SUMIFS('Clean Data'!$E$2:$E$9,'Clean Data'!$A$2:$A$9,$A14,'Clean Data'!$B$2:$B$9,B10) | C14: =SUMIFS('Clean Data'!$E$2:$E$9,'Clean Data'!$A$2:$A$9,$A14,'Clean Data'!$B$2:$B$9,C10) | D14: =SUMIFS('Clean Data'!$E$2:$E$9,'Clean Data'!$A$2:$A$9,$A14,'Clean Data'!$B$2:$B$9,D10) | E14: =SUM(B14:D14)
A15: Grand Total | B15: =SUM(B11:B14) | C15: =SUM(C11:C14) | D15: =SUM(D11:D14) | E15: =SUM(E11:E14)
A18: Findings & Recommendations
A19: Findings: Total revenue is 2,340,000 across 8 orders, with an average order value of 292,500. South is the top-performing region and Laptop is the top-performing product, while West records the lowest revenue.
A20: Recommendation: Prioritise Laptop inventory and replicate South's sales practices in other regions; investigate and support the lower-performing West region.
