Workbook

Sheet Raw Orders
A1: Order ID | B1: Date | C1: Region | D1: Product | E1: Units | F1: Customer Segment
A2: ORD-1001 | B2: 45662 | C2: North | D2: Laptop | E2: 2 | F2: Premium
A3: ORD-1002 | B3: 45669 | C3: south | D3: Phone | E3: 4 | F3: Regular
A4: ORD-1003 | B4: 45675 | C4: East | D4: Tablet | E4: 3 | F4: Corporate
A5: ORD-1004 | B5: 45682 | C5: West | D5: Monitor | E5: 5 | F5: regular
A6: ORD-1005 | B6: 45685 | C6: north | D6: Headphones | E6: 10 | F6: Premium
A7: ORD-1006 | B7: 45691 | C7: South | D7: Laptop | E7: 1 | F7: Corporate
A8: ORD-1007 | B8: 45697 | C8: east | D8: Keyboard | E8: 8 | F8: Regular
A9: ORD-1008 | B9: 45702 | C9: West | D9: Phone | E9: 3 | F9: premium
A10: ORD-1009 | B10: 45708 | C10: North | D10: Tablet | E10: 6 | F10: Regular
A11: ORD-1010 | B11: 45713 | C11: South | D11: Monitor | E11: 4 | F11: corporate
A12: ORD-1011 | B12: 45718 | C12: East | D12: Laptop | E12: 3 | F12: Premium
A13: ORD-1012 | B13: 45724 | C13: west | D13: Headphones | E13: 12 | F13: Regular
... A33: ORD-1032 | B33: 45747 | C33: West | D33: Phone | E33: 2 | F33: Premium

Sheet Products
A1: Product | B1: Category | C1: Unit Price
A2: Laptop | B2: Computers | C2: 60000
A3: Phone | B3: Mobile | C3: 30000
A4: Tablet | B4: Mobile | C4: 20000
A5: Monitor | B5: Computers | C5: 12000
A6: Headphones | B6: Accessories | C6: 3000
A7: Keyboard | B7: Accessories | C7: 1500

Sheet Orders
A1: Order ID | B1: Date | C1: Region | D1: Product | E1: Category | F1: Units | G1: Unit Price | H1: Customer Segment | I1: Month | J1: Revenue | K1: Classification
A2: ='Raw Orders'!A2 | B2: ='Raw Orders'!B2 | C2: =PROPER(TRIM('Raw Orders'!C2)) | D2: =PROPER(TRIM('Raw Orders'!D2)) | E2: =VLOOKUP(D2,Products!$A$2:$C$7,2,FALSE) | F2: ='Raw Orders'!E2 | G2: =VLOOKUP(D2,Products!$A$2:$C$7,3,FALSE) | H2: =PROPER(TRIM('Raw Orders'!F2)) | I2: =TEXT(B2,"mmm") | J2: =F2*G2 | K2: =IF(J2>=100000,"High-Value","Standard")
A3: ='Raw Orders'!A3 | B3: ='Raw Orders'!B3 | C3: =PROPER(TRIM('Raw Orders'!C3)) | D3: =PROPER(TRIM('Raw Orders'!D3)) | E3: =VLOOKUP(D3,Products!$A$2:$C$7,2,FALSE) | F3: ='Raw Orders'!E3 | G3: =VLOOKUP(D3,Products!$A$2:$C$7,3,FALSE) | H3: =PROPER(TRIM('Raw Orders'!F3)) | I3: =TEXT(B3,"mmm") | J3: =F3*G3 | K3: =IF(J3>=100000,"High-Value","Standard")
A4: ='Raw Orders'!A4 | B4: ='Raw Orders'!B4 | C4: =PROPER(TRIM('Raw Orders'!C4)) | D4: =PROPER(TRIM('Raw Orders'!D4)) | E4: =VLOOKUP(D4,Products!$A$2:$C$7,2,FALSE) | F4: ='Raw Orders'!E4 | G4: =VLOOKUP(D4,Products!$A$2:$C$7,3,FALSE) | H4: =PROPER(TRIM('Raw Orders'!F4)) | I4: =TEXT(B4,"mmm") | J4: =F4*G4 | K4: =IF(J4>=100000,"High-Value","Standard")
A5: ='Raw Orders'!A5 | B5: ='Raw Orders'!B5 | C5: =PROPER(TRIM('Raw Orders'!C5)) | D5: =PROPER(TRIM('Raw Orders'!D5)) | E5: =VLOOKUP(D5,Products!$A$2:$C$7,2,FALSE) | F5: ='Raw Orders'!E5 | G5: =VLOOKUP(D5,Products!$A$2:$C$7,3,FALSE) | H5: =PROPER(TRIM('Raw Orders'!F5)) | I5: =TEXT(B5,"mmm") | J5: =F5*G5 | K5: =IF(J5>=100000,"High-Value","Standard")
A6: ='Raw Orders'!A6 | B6: ='Raw Orders'!B6 | C6: =PROPER(TRIM('Raw Orders'!C6)) | D6: =PROPER(TRIM('Raw Orders'!D6)) | E6: =VLOOKUP(D6,Products!$A$2:$C$7,2,FALSE) | F6: ='Raw Orders'!E6 | G6: =VLOOKUP(D6,Products!$A$2:$C$7,3,FALSE) | H6: =PROPER(TRIM('Raw Orders'!F6)) | I6: =TEXT(B6,"mmm") | J6: =F6*G6 | K6: =IF(J6>=100000,"High-Value","Standard")
A7: ='Raw Orders'!A7 | B7: ='Raw Orders'!B7 | C7: =PROPER(TRIM('Raw Orders'!C7)) | D7: =PROPER(TRIM('Raw Orders'!D7)) | E7: =VLOOKUP(D7,Products!$A$2:$C$7,2,FALSE) | F7: ='Raw Orders'!E7 | G7: =VLOOKUP(D7,Products!$A$2:$C$7,3,FALSE) | H7: =PROPER(TRIM('Raw Orders'!F7)) | I7: =TEXT(B7,"mmm") | J7: =F7*G7 | K7: =IF(J7>=100000,"High-Value","Standard")
A8: ='Raw Orders'!A8 | B8: ='Raw Orders'!B8 | C8: =PROPER(TRIM('Raw Orders'!C8)) | D8: =PROPER(TRIM('Raw Orders'!D8)) | E8: =VLOOKUP(D8,Products!$A$2:$C$7,2,FALSE) | F8: ='Raw Orders'!E8 | G8: =VLOOKUP(D8,Products!$A$2:$C$7,3,FALSE) | H8: =PROPER(TRIM('Raw Orders'!F8)) | I8: =TEXT(B8,"mmm") | J8: =F8*G8 | K8: =IF(J8>=100000,"High-Value","Standard")
A9: ='Raw Orders'!A9 | B9: ='Raw Orders'!B9 | C9: =PROPER(TRIM('Raw Orders'!C9)) | D9: =PROPER(TRIM('Raw Orders'!D9)) | E9: =VLOOKUP(D9,Products!$A$2:$C$7,2,FALSE) | F9: ='Raw Orders'!E9 | G9: =VLOOKUP(D9,Products!$A$2:$C$7,3,FALSE) | H9: =PROPER(TRIM('Raw Orders'!F9)) | I9: =TEXT(B9,"mmm") | J9: =F9*G9 | K9: =IF(J9>=100000,"High-Value","Standard")
A10: ='Raw Orders'!A10 | B10: ='Raw Orders'!B10 | C10: =PROPER(TRIM('Raw Orders'!C10)) | D10: =PROPER(TRIM('Raw Orders'!D10)) | E10: =VLOOKUP(D10,Products!$A$2:$C$7,2,FALSE) | F10: ='Raw Orders'!E10 | G10: =VLOOKUP(D10,Products!$A$2:$C$7,3,FALSE) | H10: =PROPER(TRIM('Raw Orders'!F10)) | I10: =TEXT(B10,"mmm") | J10: =F10*G10 | K10: =IF(J10>=100000,"High-Value","Standard")
A11: ='Raw Orders'!A11 | B11: ='Raw Orders'!B11 | C11: =PROPER(TRIM('Raw Orders'!C11)) | D11: =PROPER(TRIM('Raw Orders'!D11)) | E11: =VLOOKUP(D11,Products!$A$2:$C$7,2,FALSE) | F11: ='Raw Orders'!E11 | G11: =VLOOKUP(D11,Products!$A$2:$C$7,3,FALSE) | H11: =PROPER(TRIM('Raw Orders'!F11)) | I11: =TEXT(B11,"mmm") | J11: =F11*G11 | K11: =IF(J11>=100000,"High-Value","Standard")
A12: ='Raw Orders'!A12 | B12: ='Raw Orders'!B12 | C12: =PROPER(TRIM('Raw Orders'!C12)) | D12: =PROPER(TRIM('Raw Orders'!D12)) | E12: =VLOOKUP(D12,Products!$A$2:$C$7,2,FALSE) | F12: ='Raw Orders'!E12 | G12: =VLOOKUP(D12,Products!$A$2:$C$7,3,FALSE) | H12: =PROPER(TRIM('Raw Orders'!F12)) | I12: =TEXT(B12,"mmm") | J12: =F12*G12 | K12: =IF(J12>=100000,"High-Value","Standard")
A13: ='Raw Orders'!A13 | B13: ='Raw Orders'!B13 | C13: =PROPER(TRIM('Raw Orders'!C13)) | D13: =PROPER(TRIM('Raw Orders'!D13)) | E13: =VLOOKUP(D13,Products!$A$2:$C$7,2,FALSE) | F13: ='Raw Orders'!E13 | G13: =VLOOKUP(D13,Products!$A$2:$C$7,3,FALSE) | H13: =PROPER(TRIM('Raw Orders'!F13)) | I13: =TEXT(B13,"mmm") | J13: =F13*G13 | K13: =IF(J13>=100000,"High-Value","Standard")
... A33: ='Raw Orders'!A33 | B33: ='Raw Orders'!B33 | C33: =PROPER(TRIM('Raw Orders'!C33)) | D33: =PROPER(TRIM('Raw Orders'!D33)) | E33: =VLOOKUP(D33,Products!$A$2:$C$7,2,FALSE) | F33: ='Raw Orders'!E33 | G33: =VLOOKUP(D33,Products!$A$2:$C$7,3,FALSE) | H33: =PROPER(TRIM('Raw Orders'!F33)) | I33: =TEXT(B33,"mmm") | J33: =F33*G33 | K33: =IF(J33>=100000,"High-Value","Standard")

Sheet Report
A1: RetailEdge — Sales Performance Report
A3: Key Performance Indicators
A4: Total Revenue | B4: =SUM(Orders!$J$2:$J$33)
A5: Average Order Value | B5: =AVERAGE(Orders!$J$2:$J$33)
A6: Order Count | B6: =COUNTA(Orders!$A$2:$A$33)
A7: Largest Order | B7: =MAX(Orders!$J$2:$J$33)
A8: Smallest Order | B8: =MIN(Orders!$J$2:$J$33)
A10: Revenue by Region | D10: Revenue by Category | G10: Revenue by Month
A11: Group | B11: Revenue | D11: Group | E11: Revenue | G11: Group | H11: Revenue
A12: North | B12: =SUMIF(Orders!$C$2:$C$33,A12,Orders!$J$2:$J$33) | D12: Computers | E12: =SUMIF(Orders!$E$2:$E$33,D12,Orders!$J$2:$J$33) | G12: Jan | H12: =SUMIF(Orders!$I$2:$I$33,G12,Orders!$J$2:$J$33)
A13: South | B13: =SUMIF(Orders!$C$2:$C$33,A13,Orders!$J$2:$J$33) | D13: Mobile | E13: =SUMIF(Orders!$E$2:$E$33,D13,Orders!$J$2:$J$33) | G13: Feb | H13: =SUMIF(Orders!$I$2:$I$33,G13,Orders!$J$2:$J$33)
A14: East | B14: =SUMIF(Orders!$C$2:$C$33,A14,Orders!$J$2:$J$33) | D14: Accessories | E14: =SUMIF(Orders!$E$2:$E$33,D14,Orders!$J$2:$J$33) | G14: Mar | H14: =SUMIF(Orders!$I$2:$I$33,G14,Orders!$J$2:$J$33)
A15: West | B15: =SUMIF(Orders!$C$2:$C$33,A15,Orders!$J$2:$J$33) | G15: Apr | H15: =SUMIF(Orders!$I$2:$I$33,G15,Orders!$J$2:$J$33)
G16: May | H16: =SUMIF(Orders!$I$2:$I$33,G16,Orders!$J$2:$J$33)
A19: Findings & Recommendations
A20: Findings: Total revenue is 3,092,500 across 32 orders (average order value 96,641). The strongest region is North, the strongest category is Mobile, and the peak month is May. 12 orders qualify as High-Value (>= 100,000).
A21: Recommendation: Concentrate inventory and marketing on the Mobile category and the North region; reinforce the sales conditions that drove the May peak; and investigate the lower-performing West region to close the gap.
